color,car
#8A2BE2,Toyota
#8A2BE2,Toyota
#FF7F50,Buick
#FF7F50,Buick
#FF7F50,Buick
#FF7F50,Buick
#FF7F50,Buick
#FF7F50,Buick
#FF7F50,Buick
#FF7F50,Buick
#FF7F50,Buick
#FF7F50,Buick
#FF7F50,Buick
#FF7F50,Buick
#FF7F50,Buick
#FF7F50,Buick
#FF7F50,Buick
#7FFFD4,Porsche
#7FFFD4,Porsche
#FF7F50,Buick
#FF7F50,Buick
#FF7F50,Buick
#FF7F50,Buick
#FF7F50,Buick
#FF7F50,Buick
#FF7F50,Buick
#FF7F50,Buick
#8A2BE2,Toyota
#8A2BE2,Toyota
#8A2BE2,Toyota
#8A2BE2,Toyota
#8A2BE2,Toyota
#8A2BE2,Toyota
#8A2BE2,Toyota
#FF7F50,Buick
#FF7F50,Buick
#FF7F50,Buick
#FF7F50,Buick
#FF7F50,Buick
#FF7F50,Buick
#FF7F50,Buick
#7FFFD4,Porsche
#7FFFD4,Porsche
#7FFFD4,Porsche
#7FFFD4,Porsche
#7FFFD4,Porsche
#7FFFD4,Porsche
#7FFFD4,Porsche
#FF7F50,Buick
#FF7F50,Buick
#FF7F50,Buick
#FF7F50,Buick
#FF7F50,Buick
#FF7F50,Buick
#8A2BE2,Toyota
#8A2BE2,Toyota
#8A2BE2,Toyota
#8A2BE2,Toyota
#8A2BE2,Toyota
#FF7F50,Buick
#FF7F50,Buick
#FF7F50,Buick
#FF7F50,Buick
#FF7F50,Buick
#FF7F50,Buick
#FF7F50,Buick
#FF7F50,Buick
#FF7F50,Buick
#FF7F50,Buick
#FF7F50,Buick
#FF7F50,Buick
#FF7F50,Buick
#FF7F50,Buick
#FF7F50,Buick
#8A2BE2,Toyota
#8A2BE2,Toyota
#8A2BE2,Toyota
#8A2BE2,Toyota
#8A2BE2,Toyota
#8A2BE2,Toyota
#8A2BE2,Toyota
#8A2BE2,Toyota
#8A2BE2,Toyota
#8A2BE2,Toyota
#8A2BE2,Toyota
#8A2BE2,Toyota
#8A2BE2,Toyota
